{"features": [3.9772696495056152, -9.691604614257812], "class_id": 1, "name": "patch_9.png"}