{"features": [4.751605987548828, 3.584218740463257], "class_id": [2], "name": "patch_28.png"}