{"features": [-9.605301856994629, 0.1516817808151245], "class_id": [0], "name": "patch_38.png"}