{"features": [-0.41301414370536804, -4.6529459953308105], "class_id": 2, "name": "patch_47.png"}