{"features": [-0.5405910611152649, -3.3487348556518555], "class_id": 2, "name": "patch_27.png"}