{"features": [-14.933578491210938, 13.563970565795898], "class_id": [0], "name": "patch_41.png"}