{"features": [1.4613364934921265, -4.4514055252075195], "class_id": [1], "name": "patch_26.png"}