{"features": [-11.961820602416992, -2.998915910720825], "class_id": 0, "name": "patch_0.png"}