{"features": [3.497673988342285, 7.3425397872924805], "class_id": 2, "name": "patch_22.png"}