{"features": [9.142641067504883, -15.1437349319458], "class_id": [1], "name": "patch_23.png"}