{"features": [20.322053909301758, 10.705474853515625], "class_id": 1, "name": "patch_23.png"}