{"features": [12.956925392150879, 7.0169758796691895], "class_id": [1], "name": "patch_10.png"}