{"features": [8.022873878479004, -11.508538246154785], "class_id": [1], "name": "patch_20.png"}