{"features": [3.1879286766052246, 6.887388229370117], "class_id": 2, "name": "patch_30.png"}