{"features": [1.5704963207244873, -0.970158576965332], "class_id": 2, "name": "patch_4.png"}