{"features": [-8.912334442138672, 8.426916122436523], "class_id": [0], "name": "patch_25.png"}