{"features": [-2.5741374492645264, -9.735273361206055], "class_id": 2, "name": "patch_46.png"}