{"features": [15.963868141174316, 8.863370895385742], "class_id": [1], "name": "patch_35.png"}