{"features": [-17.433687210083008, 11.451471328735352], "class_id": 0, "name": "patch_29.png"}