{"features": [6.157979488372803, -12.432316780090332], "class_id": [1], "name": "patch_34.png"}