{"features": [10.318058967590332, 5.331699371337891], "class_id": [1], "name": "patch_9.png"}