{"features": [14.79146957397461, 8.683025360107422], "class_id": 1, "name": "patch_7.png"}