{"features": [18.02771759033203, 10.260896682739258], "class_id": 1, "name": "patch_24.png"}