{"features": [-1.7072558403015137, -7.316031455993652], "class_id": [2], "name": "patch_12.png"}