{"features": [1.691830039024353, 5.484104633331299], "class_id": [2], "name": "patch_15.png"}