{"features": [-3.7615339756011963, 10.680471420288086], "class_id": [1], "name": "patch_16.png"}