{"features": [11.878198623657227, 7.54419469833374], "class_id": [1], "name": "patch_33.png"}