{"features": [-10.539310455322266, -2.6080095767974854], "class_id": 0, "name": "patch_25.png"}