{"features": [2.4423234462738037, 5.340383052825928], "class_id": 2, "name": "patch_39.png"}