{"features": [-6.1577887535095215, -6.475934982299805], "class_id": 0, "name": "patch_43.png"}