{"features": [-10.282123565673828, 10.012678146362305], "class_id": 0, "name": "patch_2.png"}