{"features": [2.3136403560638428, 2.3942224979400635], "class_id": [2], "name": "patch_27.png"}