{"features": [6.600499629974365, -13.994550704956055], "class_id": [1], "name": "patch_6.png"}