{"features": [-0.9285081028938293, -5.684031963348389], "class_id": [0], "name": "patch_3.png"}