{"features": [6.555813789367676, -11.551749229431152], "class_id": 1, "name": "patch_5.png"}