{"features": [-9.182863235473633, -2.1580440998077393], "class_id": 0, "name": "patch_37.png"}