{"features": [18.653942108154297, 9.702083587646484], "class_id": 1, "name": "patch_8.png"}