{"features": [0.12610310316085815, -1.8455003499984741], "class_id": [2], "name": "patch_21.png"}