{"features": [2.3475677967071533, -0.3922441005706787], "class_id": 1, "name": "patch_4.png"}