{"features": [1.8302973508834839, -9.3771333694458], "class_id": 1, "name": "patch_36.png"}