{"features": [-6.539036273956299, -6.308084011077881], "class_id": [1], "name": "patch_16.png"}