{"features": [16.49300765991211, 9.025337219238281], "class_id": [1], "name": "patch_6.png"}