{"features": [15.418209075927734, 8.748336791992188], "class_id": [1], "name": "patch_20.png"}