{"features": [-18.808198928833008, 13.199760437011719], "class_id": 0, "name": "patch_13.png"}