{"features": [-1.4339717626571655, 4.618037700653076], "class_id": [0], "name": "patch_40.png"}