{"features": [6.13063907623291, -11.184856414794922], "class_id": 1, "name": "patch_10.png"}