{"features": [3.1408495903015137, 6.138611316680908], "class_id": 1, "name": "patch_3.png"}