{"features": [-2.373162031173706, -8.765493392944336], "class_id": [2], "name": "patch_14.png"}