{"features": [-8.128089904785156, 7.660128593444824], "class_id": 0, "name": "patch_37.png"}