{"features": [7.442373275756836, -12.635222434997559], "class_id": 1, "name": "patch_18.png"}