{"features": [7.176800727844238, -13.23453426361084], "class_id": [1], "name": "patch_35.png"}