{"features": [7.583649158477783, -14.388214111328125], "class_id": 1, "name": "patch_31.png"}