{"features": [3.783562183380127, 4.922354221343994], "class_id": 2, "name": "patch_47.png"}