{"features": [-3.0433595180511475, 9.37264633178711], "class_id": [0], "name": "patch_43.png"}