{"features": [-11.982110023498535, 9.945930480957031], "class_id": 0, "name": "patch_0.png"}