{"features": [8.129436492919922, -13.6498441696167], "class_id": 1, "name": "patch_24.png"}