{"features": [-3.5210580825805664, -4.44793176651001], "class_id": 2, "name": "patch_15.png"}