{"features": [14.028258323669434, 7.4646430015563965], "class_id": 1, "name": "patch_5.png"}