{"features": [17.67339324951172, 9.592081069946289], "class_id": 1, "name": "patch_18.png"}