{"features": [1.0508098602294922, -4.295531749725342], "class_id": [2], "name": "patch_28.png"}