{"features": [6.877893924713135, -11.223708152770996], "class_id": [1], "name": "patch_44.png"}