{"features": [3.8623766899108887, -11.290083885192871], "class_id": 1, "name": "patch_33.png"}