{"features": [-11.983362197875977, -3.1039254665374756], "class_id": 0, "name": "patch_2.png"}