{"features": [14.949213981628418, 8.894975662231445], "class_id": 1, "name": "patch_44.png"}