{"features": [-0.22957934439182281, -4.513160228729248], "class_id": [0], "name": "patch_40.png"}