{"features": [9.366498947143555, -14.150552749633789], "class_id": [1], "name": "patch_42.png"}