{"features": [-11.507259368896484, -2.823251485824585], "class_id": 0, "name": "patch_41.png"}