{"features": [17.005176544189453, 9.048202514648438], "class_id": [1], "name": "patch_31.png"}