{"features": [3.389249086380005, 8.612669944763184], "class_id": [2], "name": "patch_14.png"}