{"features": [8.527048110961914, -13.489069938659668], "class_id": 1, "name": "patch_8.png"}