{"features": [3.0149288177490234, -1.570076584815979], "class_id": 1, "name": "patch_45.png"}