{"features": [3.7784554958343506, 5.357700347900391], "class_id": 2, "name": "patch_12.png"}