{"features": [-1.9789395332336426, -7.690943241119385], "class_id": 2, "name": "patch_22.png"}