{"features": [-11.77387809753418, -2.814821243286133], "class_id": 0, "name": "patch_19.png"}