{"features": [-5.4700822830200195, -1.653380036354065], "class_id": 0, "name": "patch_11.png"}