{"features": [19.45817756652832, 10.84587287902832], "class_id": [1], "name": "patch_42.png"}