{"features": [-1.7705625295639038, -7.4693169593811035], "class_id": [2], "name": "patch_30.png"}