{"features": [7.905478477478027, -14.097599983215332], "class_id": 1, "name": "patch_32.png"}