{"features": [-16.8867130279541, 0.06466924399137497], "class_id": [0], "name": "patch_13.png"}