{"features": [3.411837100982666, 9.043614387512207], "class_id": [2], "name": "patch_46.png"}