{"features": [15.862963676452637, 8.866861343383789], "class_id": [1], "name": "patch_1.png"}