{"features": [15.320913314819336, 8.485422134399414], "class_id": [1], "name": "patch_34.png"}