{"features": [-10.170188903808594, 9.029924392700195], "class_id": 0, "name": "patch_19.png"}