{"features": [7.481600761413574, 4.942590713500977], "class_id": 1, "name": "patch_36.png"}