{"features": [16.897789001464844, 9.035867691040039], "class_id": 1, "name": "patch_32.png"}