{"features": [-19.032426834106445, 14.000082015991211], "class_id": 0, "name": "patch_17.png"}