{"features": [4.796687602996826, 2.912917137145996], "class_id": [1], "name": "patch_26.png"}