{"features": [5.720676898956299, -12.186934471130371], "class_id": [1], "name": "patch_7.png"}