{"features": [-10.296216011047363, 6.573765277862549], "class_id": 0, "name": "patch_38.png"}