{"features": [-16.941173553466797, 0.07919060438871384], "class_id": [0], "name": "patch_29.png"}