{"features": [-3.615433692932129, 4.888492584228516], "class_id": 0, "name": "patch_11.png"}