{"features": [-16.92043685913086, -1.4552853107452393], "class_id": [0], "name": "patch_17.png"}