{"features": [-1.076159954071045, -4.712751865386963], "class_id": [2], "name": "patch_39.png"}