{"features": [3.6048810482025146, 0.5733016729354858], "class_id": 1, "name": "patch_45.png"}