{"features": [1.8955795764923096, 0.9480668306350708], "class_id": 2, "name": "patch_21.png"}