{"features": [7.892620086669922, -11.653904914855957], "class_id": 1, "name": "patch_1.png"}